{
    "pressure": {
        "min": [
            0.0,
            0.0,
            0.0,
            0.0,
            0.0,
            0.0,
            0.0,
            0.0,
            0.0,
            0.0,
            0.0,
            0.0,
            0.0,
            0.0,
            0.0,
            0.0,
            0.0,
            0.0,
            0.0,
            0.0,
            0.0,
            0.0,
            0.0,
            0.0,
            0.0,
            0.0,
            0.0,
            0.0,
            0.0,
            0.0,
            0.0,
            0.0,
            0.0,
            0.0,
            0.0,
            0.0,
            0.0,
            0.0,
            0.0,
            0.0,
            0.0,
            0.0,
            0.0,
            0.0,
            0.0,
            0.0,
            0.0,
            0.0,
            0.0,
            0.0,
            0.0,
            0.0,
            0.0,
            0.0,
            0.0,
            0.0,
            0.0,
            0.0,
            0.0,
            0.0,
            0.0,
            0.0,
            0.0,
            0.0,
            0.0,
            0.0,
            0.0,
            0.0,
            0.0,
            0.0
        ],
        "max": [
            28.31088817,
            29.00969344,
            19.29574592,
            4.965358054418779,
            11.29641882,
            8.690876979,
            4.881950908,
            5.371460629,
            5.749220649,
            15.69268082,
            17.33835422,
            12.44301679,
            9.600404006,
            15.26126627,
            12.56730858,
            4.302325568,
            8.661231666,
            9.175532174,
            12.13741439,
            29.09281089,
            12.47940122,
            12.58108964,
            20.23554779,
            31.06069379,
            15.68360915,
            12.00303024,
            16.35584409,
            50.0,
            21.91780997,
            13.29657974,
            12.05457711,
            38.09655204,
            50.0,
            21.745501726961983,
            50.0,
            7.114677869262327,
            6.863688990993712,
            50.0,
            16.524792157484217,
            8.252895099211338,
            50.0,
            50.0,
            16.14755591854227,
            13.848197405555126,
            11.884362731501431,
            10.094363378559056,
            50.0,
            25.00032613253253,
            50.0,
            16.378677857750628,
            7.368267023338652,
            7.855783453746736,
            9.996836887384973,
            17.673932367673352,
            50.0,
            6.304687002708363,
            8.954699068684583,
            17.069000650963194,
            14.971938914700818,
            16.954511954556498,
            20.43139019988426,
            38.15270720724924,
            21.93387526460388,
            22.712075423749543,
            17.14034422559111,
            25.459234016683627,
            17.921728106852143,
            21.88243712217368,
            50.0,
            29.38840554183939
        ],
        "mean": [
            1.3989762334521518,
            0.6687256045153899,
            0.1357800575863095,
            0.19288799606745982,
            0.6383382601226179,
            0.699620797625743,
            0.4129118828679303,
            0.1879788376128777,
            0.28938007687402323,
            1.1842203160756415,
            2.1544574861171015,
            1.7657515572202969,
            1.764911339276431,
            4.1767148876879645,
            3.8880570274257864,
            0.35473744229844795,
            1.3680321808447224,
            0.9726632392502568,
            1.8724010904333723,
            1.5477456654152686,
            2.386698160108204,
            3.1456023526809735,
            1.177325842963726,
            2.9350349719356994,
            2.7289303386801076,
            1.8577591887364837,
            3.5648575447955726,
            14.612734986301293,
            2.997571879740851,
            5.871460623794551,
            3.0473137785922924,
            6.867563623810271,
            7.207801364745213,
            6.182385668271473,
            15.450921219560643,
            0.09243483785947805,
            0.4536605823264892,
            0.05821393743078708,
            0.3554778933384854,
            1.970091956243421,
            0.10891568735160359,
            1.5057276866291665,
            1.7597960182002466,
            2.467259337554055,
            2.89625973748458,
            0.6708195849408982,
            1.9659615976393658,
            4.543463509668889,
            1.961366173433691,
            3.2975384822028384,
            1.1370771373023518,
            1.8274910311707013,
            1.7031262314613635,
            3.12878584262514,
            1.2307885632479818,
            1.36381154173999,
            1.7071780031200254,
            5.100359857946873,
            5.35360774086969,
            5.924402791841762,
            3.835419356703981,
            6.196646973218769,
            6.931062539396037,
            5.792993580913543,
            5.197940139109195,
            4.4412039811406565,
            4.301814743261702,
            6.47700335048642,
            11.160684260456058,
            4.790404052245105
        ],
        "std": [
            1.8666676772935926,
            1.057108101331824,
            0.49269605067219724,
            0.37018622375223603,
            0.8080744688815895,
            0.8519486293498219,
            0.5855770945004016,
            0.36604399894132517,
            0.41403108933960786,
            1.4414561734974065,
            2.0407095398561275,
            1.5938958212003562,
            1.450596411393859,
            2.621439711888323,
            2.2721961476560564,
            0.4421893447568005,
            1.5606821328065315,
            1.2573264684313583,
            2.0985363899706444,
            2.0702737906124473,
            2.6626881691879616,
            2.712385151732768,
            1.2729815871267276,
            3.5369347550737347,
            2.5539368567235825,
            1.5442251064818517,
            3.4631707946778016,
            21.69074472215247,
            3.426105102221084,
            3.334135207096902,
            2.6204439096735137,
            5.58519199079405,
            7.385523424200672,
            5.334650882575701,
            16.445978794718147,
            0.2146650792051494,
            0.7810773958140498,
            0.44024547212957793,
            0.6799776778822368,
            1.6998774089918642,
            0.4814967975130141,
            1.667063534981961,
            1.775361561909356,
            2.1801117540049804,
            1.5927174779380364,
            0.8527190730800309,
            3.401669597268149,
            2.9668444891631007,
            1.9108628609786324,
            2.319555267774297,
            1.3194121939526382,
            1.8847458632079421,
            1.7292254800971247,
            2.65915716332068,
            2.5038461524012563,
            1.4972405614527413,
            1.7517925270141392,
            3.6298867576790137,
            3.6621608961929146,
            3.4429503277044446,
            3.212271832293431,
            4.379742584187837,
            4.385174824310472,
            3.739544613045766,
            3.6559897808916264,
            4.32355772010315,
            3.2638325369814414,
            5.0252018812908235,
            14.121460369202156,
            4.980032358550546
        ]
    },
    "rotation": {
        "min": [
            -566.1621094,
            -509.0331726,
            -319.7631836,
            -525.20751953125,
            -275.57373046875,
            -468.6889343261719
        ],