{"pressure": {"min": [0.0, 0.0, 0.0, 0.0, 0.0, 0.0, 0.0, 0.0, 0.011436132666666073, 0.03452974466666667, 0.0, 0.0, 0.0, 0.0, 0.05107153999999615, 0.0, 0.0, 0.0, 0.0, 0.21533609099999998, 0.0, 0.026682973333334515, 0.011566237, 0.0, 0.0, 0.0, 0.0, 0.6119140549999998, 0.0, 0.0, 0.0, 0.0, 0.0, 0.0, 0.0, 0.0, 0.0, 0.0, 0.0, 0.0, 0.0, 0.0, 0.0, 0.0, 0.0, 0.0, 0.0, 0.0, 0.0, 0.0, 0.0, 0.0, 0.0, 0.0, 0.0, 0.0, 0.0, 0.0, 0.0, 0.0, 0.0, 0.0, 0.0, 0.0, 0.0, 0.0, 0.0, 0.0, 0.0, 0.0], "max": [2.594305242, 1.1985734146666667, 2.0917733550000004, 4.464395048999999, 6.2573843966666685, 14.001390843333335, 11.06859926, 7.049635499, 8.674059053, 5.789475645666666, 3.702911472666667, 2.4608800596666667, 1.8793520559999999, 8.581779611, 11.292645736666662, 2.574498645, 6.956856287, 14.37686958, 11.776248823333335, 10.6446034, 20.0, 11.37200155, 10.710332936666665, 11.280372896666668, 13.020242819999998, 20.0, 20.0, 18.52505988, 20.0, 7.046011263666667, 20.0, 20.0, 20.0, 14.322012916666667, 0.796923325, 12.911038993333333, 11.244992000000002, 2.3908493483333335, 1.554489732333333, 5.396808143666667, 9.887454370999999, 6.398488956666665, 12.177738589999999, 9.017306634, 6.134827272333333, 4.861307499, 6.145834028, 6.612626329, 7.663083403000003, 12.903842543333338, 0.1762165516666667, 2.905522118, 7.646955657, 14.68830783, 20.0, 7.967144468666667, 14.428752243333333, 11.866575090000003, 8.256022760999999, 9.45740543366667, 20.0, 17.98477799, 19.82496569, 19.94613504333334, 9.380283982, 20.0, 20.0, 20.0, 20.0, 11.708667756666665], "mean": [0.01752231148033276, 0.054929804882273725, 0.01594383447193134, 0.09022577558305286, 0.18456468517647256, 0.31215177229157975, 0.32971494164581194, 0.35680320271186133, 0.3085062558715271, 0.33609966620176795, 0.1799645564696601, 0.3464320480982646, 0.17995159197963534, 0.282012859223272, 0.2967440979488003, 0.2278996595047141, 0.47649625732489564, 0.2422617101459041, 0.3050842312855344, 0.2593929309886461, 0.3307201396387946, 0.41490070178353056, 0.3304788452151516, 0.15773829389852934, 0.04915775619577194, 0.390716967796882, 0.7755843331039587, 0.6066071573674746, 0.29540271550615604, 0.047312445145406404, 0.09284679738935658, 0.39577211073285407, 0.4271787940275327, 0.08488957819808311, 0.038095731571764775, 0.0811017230151662, 0.02907405245887375, 0.002669873821600735, 0.017180114035437555, 0.28156769805576515, 0.18625520314480304, 0.29043413918205796, 0.221499171682587, 0.33112087842420057, 0.3284878623350461, 0.35416613210965653, 0.5122230579664588, 0.42507374743223336, 0.4457227452132216, 0.24957867175610346, 0.04063596323332089, 0.16523907223603893, 0.25424098552602115, 0.3674315611546799, 0.23495631215367405, 0.46489255037860205, 0.5272645923954244, 0.4970788531308326, 0.3875175304387924, 0.1979452919027334, 0.3395379388170741, 0.6125570138156123, 0.4890929781065157, 0.3968182458673997, 0.2129457000673487, 0.14320808092360307, 0.6392365313467206, 0.7001683318432709, 0.5201588204462142, 0.11874624357203023], "std": [0.05900733802877845, 0.12171344930958895, 0.0834102559860118, 0.15489854627422445, 0.19778959909562868, 0.18129457825025966, 0.23391158555342884, 0.22047349993695792, 0.19920683103953699, 0.2181685835542132, 0.19149010074967632, 0.2709062151147749, 0.1893898369625688, 0.22702677011952202, 0.2065382557487254, 0.23956797959408271, 0.3402403412454114, 0.23601354339281322, 0.2363084967974169, 0.229546690001015, 0.31080414626957537, 0.24921953540671557, 0.2573042483416955, 0.20761163366787896, 0.12941928914987855, 0.24012189192277597, 0.3262458551356705, 0.2524946884844615, 0.2359763034497295, 0.10889331202754876, 0.17559411752559875, 0.34615970593989764, 0.28370696469215095, 0.1595277570384581, 0.0960450821450234, 0.13215121550296346, 0.08863666410178259, 0.03382777957496707, 0.0810338312259484, 0.18049573954508505, 0.13944870927659062, 0.18667538184192972, 0.1766562608154534, 0.19949567355756934, 0.23946708443009307, 0.22326986200905832, 0.25239535010917247, 0.21880270271801247, 0.2798352501914832, 0.22351722745704647, 0.09309341016457429, 0.18814715241544228, 0.2397010470613317, 0.2632003757772802, 0.2680453811401202, 0.2723612750097683, 0.258290058762809, 0.20047910600209498, 0.29403404648204806, 0.20272539326246258, 0.2793040638251142, 0.18122606045686057, 0.16433958332652587, 0.2086640127902823, 0.22727515180132804, 0.20057161256075404, 0.31507294748202624, 0.27709909130665844, 0.33041410637650237, 0.15296715145572193]}, "rotation": {"min": [-41.90063158666667, -33.32519403999999, -77.27050526999999, -26.245115599999995, -22.593179066666668, -79.81363551000003], "max": [30.57861201, 41.117348033333336, 103.97338104, 27.42512893666667, 31.931557019999996, 75.80566024999997], "mean": [0.5887157821380934, 0.45371877436981467, 0.4261321941385864, 0.4906428313292619, 0.41429270537368246, 0.5124829129278443], "std": [0.07710523298067562, 0.06613900888544037, 0.0922420861894873, 0.08589945713061736, 0.09216710183886645, 0.09022453545879361]}, "accel": {"min": [-1.0182495116666666, -0.873392741, -0.13004557300000008, -1.0297037763333334, -0.17321777366666666, -0.122619629], "max": [-0.42175293, 0.15572102833333332, 0.41341145799999995, 0.0, 0.7669881183333334, 0.343770345], "mean": [0.1852127575559697, 0.6418360845937262, 0.6145427027378716, 0.07492841419398236, 0.3340634704761005, 0.5050162853246549], "std": [0.16233518928132726, 0.21100553312205686, 0.08871330377114511, 0.0786186559842152, 0.20731070354408523, 0.12491314028229726]}}